{"cameraMode":{"drawMode":0,"name":"Shaded","section":"Shading Mode"},"sceneLighting":false,"audioPlay":false,"sceneViewState":{"m_AlwaysRefresh":false,"showFog":false,"showSkybox":false,"showFlares":false,"showImageEffects":false,"showParticleSystems":false,"showVisualEffectGraphs":true,"m_FxEnabled":true},"in2DMode":false,"pivot":{"x":0.0007783174514770508,"y":1.0579091310501099,"z":-0.005291581153869629},"rotation":{"x":-0.20937544107437135,"y":0.6486471891403198,"z":-0.1923711895942688,"w":-0.7059831619262695},"size":1.37250816822052,"orthographic":false}